Id,ActivityDate,TotalSteps,VeryActiveMinutes,FairlyActiveMinutes,LightlyActiveMinutes,SedentaryMinutes,Calories,activity_level,day_of_week,TotalMinutesAsleep,TotalTimeInBed,sleep_category
1503960366,2016-04-12,13162,25,13,328,728,1985,High,Tuesday,327,346,Less than 6 hours
1503960366,2016-04-13,10735,21,19,217,776,1797,High,Wednesday,384,407,6–8 hours
1503960366,2016-04-15,9762,29,34,209,726,1745,Moderate,Friday,412,442,6–8 hours
1503960366,2016-04-16,12669,36,10,221,773,1863,High,Saturday,340,367,Less than 6 hours
1503960366,2016-04-17,9705,38,20,164,539,1728,Moderate,Sunday,700,712,More than 8 hours
1503960366,2016-04-19,15506,50,31,264,775,2035,High,Tuesday,304,320,Less than 6 hours
1503960366,2016-04-20,10544,28,12,205,818,1786,High,Wednesday,360,377,6–8 hours
1503960366,2016-04-21,9819,19,8,211,838,1775,Moderate,Thursday,325,364,Less than 6 hours
1503960366,2016-04-23,14371,41,21,262,732,1949,High,Saturday,361,384,6–8 hours
1503960366,2016-04-24,10039,39,5,238,709,1788,High,Sunday,430,449,6–8 hours
1503960366,2016-04-25,15355,73,14,216,814,2013,High,Monday,277,323,Less than 6 hours
1503960366,2016-04-26,13755,31,23,279,833,1970,High,Tuesday,245,274,Less than 6 hours
1503960366,2016-04-28,13154,48,28,189,782,1898,High,Thursday,366,393,6–8 hours
1503960366,2016-04-29,11181,16,12,243,815,1837,High,Friday,341,354,Less than 6 hours
1503960366,2016-04-30,14673,52,34,217,712,1947,High,Saturday,404,425,6–8 hours
1503960366,2016-05-01,10602,33,35,246,730,1820,High,Sunday,369,396,6–8 hours
1503960366,2016-05-02,14727,41,15,277,798,2004,High,Monday,277,309,Less than 6 hours
1503960366,2016-05-03,15103,50,24,254,816,1990,High,Tuesday,273,296,Less than 6 hours
1503960366,2016-05-05,14070,45,24,250,857,1959,High,Thursday,247,264,Less than 6 hours
1503960366,2016-05-06,12159,24,6,289,754,1896,High,Friday,334,367,Less than 6 hours
1503960366,2016-05-07,11992,37,46,175,833,1821,High,Saturday,331,349,Less than 6 hours
1503960366,2016-05-08,10060,44,8,203,574,1740,High,Sunday,594,611,More than 8 hours
1503960366,2016-05-09,12022,46,11,206,835,1819,High,Monday,338,342,Less than 6 hours
1503960366,2016-05-10,12207,46,31,214,746,1859,High,Tuesday,383,403,6–8 hours
1503960366,2016-05-11,12770,36,23,251,669,1783,High,Wednesday,285,306,Less than 6 hours
1644430081,2016-04-29,3176,0,0,120,1193,2498,Low,Friday,119,127,Less than 6 hours
1644430081,2016-04-30,18213,9,71,402,816,3846,High,Saturday,124,142,Less than 6 hours
1644430081,2016-05-02,3758,1,7,148,682,2580,Low,Monday,796,961,More than 8 hours
1644430081,2016-05-08,6724,0,0,295,991,2987,Moderate,Sunday,137,154,Less than 6 hours
1844505072,2016-04-15,3844,0,0,176,527,1725,Low,Friday,644,961,More than 8 hours
1844505072,2016-04-30,4014,0,0,184,218,1763,Low,Saturday,722,961,More than 8 hours
1844505072,2016-05-01,2573,0,7,75,585,1541,Low,Sunday,590,961,More than 8 hours
1927972279,2016-04-12,678,0,0,55,734,2220,Low,Tuesday,750,775,More than 8 hours
1927972279,2016-04-13,356,0,0,32,986,2151,Low,Wednesday,398,422,6–8 hours
1927972279,2016-04-15,980,0,0,51,941,2221,Low,Friday,475,499,6–8 hours
1927972279,2016-04-26,3761,0,0,192,1058,2638,Low,Tuesday,296,315,Less than 6 hours
1927972279,2016-04-28,1675,0,0,95,1167,2351,Low,Thursday,166,178,Less than 6 hours
2026352035,2016-04-12,4414,3,8,181,706,1459,Low,Tuesday,503,546,More than 8 hours
2026352035,2016-04-13,4993,0,0,238,663,1521,Low,Wednesday,531,565,More than 8 hours
2026352035,2016-04-14,3335,0,0,197,653,1431,Low,Thursday,545,568,More than 8 hours
2026352035,2016-04-15,3821,0,0,188,687,1444,Low,Friday,523,573,More than 8 hours
2026352035,2016-04-16,2547,0,0,150,728,1373,Low,Saturday,524,567,More than 8 hours
2026352035,2016-04-17,838,0,0,60,1053,1214,Low,Sunday,437,498,6–8 hours
2026352035,2016-04-19,2424,0,0,141,785,1356,Low,Tuesday,498,540,More than 8 hours
2026352035,2016-04-20,7222,0,0,327,623,1667,Moderate,Wednesday,461,510,6–8 hours
2026352035,2016-04-21,2467,0,0,153,749,1370,Low,Thursday,477,514,6–8 hours
2026352035,2016-04-22,2915,0,0,162,712,1399,Low,Friday,520,545,More than 8 hours
2026352035,2016-04-23,12357,0,0,432,458,1916,High,Saturday,522,554,More than 8 hours
2026352035,2016-04-24,3490,0,0,164,704,1401,Low,Sunday,555,591,More than 8 hours
2026352035,2016-04-25,6017,0,0,260,821,1576,Moderate,Monday,506,531,More than 8 hours
2026352035,2016-04-27,6088,0,0,286,586,1593,Moderate,Wednesday,508,545,More than 8 hours
2026352035,2016-04-28,6375,0,0,331,626,1649,Moderate,Thursday,513,545,More than 8 hours
2026352035,2016-04-29,7604,0,0,352,492,1692,Moderate,Friday,490,510,More than 8 hours
2026352035,2016-04-30,4729,0,0,233,594,1506,Low,Saturday,573,607,More than 8 hours
2026352035,2016-05-01,3609,0,0,191,716,1447,Low,Sunday,527,546,More than 8 hours
2026352035,2016-05-02,7018,0,0,355,716,1690,Moderate,Monday,511,543,More than 8 hours
2026352035,2016-05-04,6564,0,0,345,530,1658,Moderate,Wednesday,538,560,More than 8 hours
2026352035,2016-05-05,12167,0,0,475,479,1926,High,Thursday,468,485,6–8 hours
2026352035,2016-05-06,8198,0,0,383,511,1736,Moderate,Friday,524,548,More than 8 hours
2026352035,2016-05-07,4193,0,0,229,665,1491,Low,Saturday,511,521,More than 8 hours
2026352035,2016-05-08,5528,0,0,258,610,1555,Moderate,Sunday,541,568,More than 8 hours
2026352035,2016-05-09,10685,0,0,401,543,1869,High,Monday,531,556,More than 8 hours
2026352035,2016-05-10,254,0,0,17,1002,1141,Low,Tuesday,357,380,Less than 6 hours
2026352035,2016-05-11,8580,0,0,330,569,1698,Moderate,Wednesday,523,553,More than 8 hours
2026352035,2016-05-12,8891,0,0,343,330,1364,Moderate,Thursday,456,485,6–8 hours
2320127002,2016-04-23,5079,0,0,242,1129,1804,Moderate,Saturday,61,69,Less than 6 hours
2347167796,2016-04-13,10352,19,32,195,676,2038,High,Wednesday,467,531,6–8 hours
2347167796,2016-04-14,10129,1,48,206,705,2010,High,Thursday,445,489,6–8 hours
2347167796,2016-04-15,10465,1,24,284,720,2133,High,Friday,452,504,6–8 hours
2347167796,2016-04-17,5472,1,7,249,508,1882,Moderate,Sunday,556,602,More than 8 hours
2347167796,2016-04-18,8247,11,16,206,678,1944,Moderate,Monday,500,557,More than 8 hours
2347167796,2016-04-19,6711,0,7,382,648,2346,Moderate,Tuesday,465,514,6–8 hours
2347167796,2016-04-21,10080,23,26,208,761,2048,High,Thursday,460,484,6–8 hours
2347167796,2016-04-22,7804,9,27,206,781,1946,Moderate,Friday,405,461,6–8 hours
2347167796,2016-04-23,16901,32,35,360,591,2629,High,Saturday,374,386,6–8 hours
2347167796,2016-04-24,9471,0,0,360,584,2187,Moderate,Sunday,442,459,6–8 hours
2347167796,2016-04-25,9482,15,11,277,653,2095,Moderate,Monday,433,471,6–8 hours
2347167796,2016-04-26,5980,0,0,227,732,1861,Moderate,Tuesday,436,490,6–8 hours
2347167796,2016-04-27,11423,26,9,295,623,2194,High,Wednesday,448,499,6–8 hours
2347167796,2016-04-28,5439,0,0,229,764,1854,Moderate,Thursday,408,450,6–8 hours
2347167796,2016-04-29,42,0,0,4,2,403,Low,Friday,411,473,6–8 hours
3977333714,2016-04-12,8856,44,19,131,777,1450,Moderate,Tuesday,274,469,Less than 6 hours
3977333714,2016-04-13,10035,31,46,153,754,1495,High,Wednesday,295,456,Less than 6 hours
3977333714,2016-04-14,7641,5,23,214,801,1433,Moderate,Thursday,291,397,Less than 6 hours
3977333714,2016-04-15,9010,15,42,183,644,1468,Moderate,Friday,424,556,6–8 hours
3977333714,2016-04-16,13459,31,83,153,663,1625,High,Saturday,283,510,Less than 6 hours
3977333714,2016-04-17,10415,11,58,205,600,1529,High,Sunday,381,566,6–8 hours
3977333714,2016-04-18,11663,4,95,214,605,1584,High,Monday,412,522,6–8 hours
3977333714,2016-04-19,12414,19,67,221,738,1638,High,Tuesday,219,395,Less than 6 hours
3977333714,2016-04-20,11658,2,98,164,845,1554,High,Wednesday,152,305,Less than 6 hours
3977333714,2016-04-21,6093,0,0,242,712,1397,Moderate,Thursday,332,512,Less than 6 hours
3977333714,2016-04-22,8911,33,12,188,731,1481,Moderate,Friday,355,476,Less than 6 hours
3977333714,2016-04-23,12058,0,92,252,724,1638,High,Saturday,235,372,Less than 6 hours
3977333714,2016-04-24,14112,30,95,129,660,1655,High,Sunday,310,526,Less than 6 hours
3977333714,2016-04-25,11177,50,9,133,781,1570,High,Monday,262,467,Less than 6 hours
3977333714,2016-04-26,11388,7,95,170,797,1551,High,Tuesday,250,371,Less than 6 hours
3977333714,2016-04-27,7193,0,10,176,714,1377,Moderate,Wednesday,349,540,Less than 6 hours
3977333714,2016-04-28,7114,15,8,190,804,1407,Moderate,Thursday,261,423,Less than 6 hours
3977333714,2016-04-29,10645,36,32,150,744,1545,High,Friday,333,478,Less than 6 hours
3977333714,2016-04-30,13238,43,52,194,687,1650,High,Saturday,237,382,Less than 6 hours
3977333714,2016-05-01,10414,41,40,124,691,1501,High,Sunday,383,626,6–8 hours
3977333714,2016-05-02,16520,24,143,176,713,1760,High,Monday,230,384,Less than 6 hours
3977333714,2016-05-03,14335,47,41,258,594,1710,High,Tuesday,292,500,Less than 6 hours
3977333714,2016-05-04,13559,14,96,142,852,1628,High,Wednesday,213,336,Less than 6 hours
3977333714,2016-05-05,12312,14,88,178,680,1618,High,Thursday,318,480,Less than 6 hours
3977333714,2016-05-06,11677,29,55,168,676,1590,High,Friday,323,512,Less than 6 hours
3977333714,2016-05-07,11550,0,86,208,703,1574,High,Saturday,237,443,Less than 6 hours
3977333714,2016-05-08,13585,9,116,171,688,1633,High,Sunday,259,456,Less than 6 hours
3977333714,2016-05-10,13072,1,115,196,676,1630,High,Tuesday,312,452,Less than 6 hours
4020332650,2016-04-12,8539,4,15,331,712,3654,Moderate,Tuesday,501,541,More than 8 hours
4020332650,2016-04-16,1982,65,21,55,1222,3051,Low,Saturday,77,77,Less than 6 hours
4020332650,2016-05-03,4496,0,0,174,950,2828,Low,Tuesday,322,332,Less than 6 hours
4020332650,2016-05-04,10252,13,46,346,531,3879,High,Wednesday,478,536,6–8 hours
4020332650,2016-05-05,11728,38,42,196,916,3429,High,Thursday,226,248,Less than 6 hours
4020332650,2016-05-06,4369,0,0,177,855,2704,Low,Friday,385,408,6–8 hours
4020332650,2016-05-08,5862,0,0,263,775,3089,Moderate,Sunday,364,402,6–8 hours
4020332650,2016-05-10,5546,0,0,206,774,2926,Moderate,Tuesday,442,494,6–8 hours
4319703577,2016-04-14,10210,1,9,339,589,2302,High,Thursday,535,557,More than 8 hours
4319703577,2016-04-15,5664,0,0,228,752,1985,Moderate,Friday,465,491,6–8 hours
4319703577,2016-04-16,4744,0,0,194,724,1884,Low,Saturday,506,522,More than 8 hours
4319703577,2016-04-18,2276,1,9,58,824,1632,Low,Monday,515,551,More than 8 hours
4319703577,2016-04-19,8925,0,0,311,604,2200,Moderate,Tuesday,461,498,6–8 hours
4319703577,2016-04-20,8954,0,18,306,671,2220,Moderate,Wednesday,523,543,More than 8 hours
4319703577,2016-04-21,3702,0,0,34,1265,1792,Low,Thursday,59,65,Less than 6 hours
4319703577,2016-04-22,4500,1,19,176,709,1886,Low,Friday,533,550,More than 8 hours
4319703577,2016-04-23,4935,0,0,233,546,1945,Low,Saturday,692,722,More than 8 hours
4319703577,2016-04-24,4081,1,5,191,692,1880,Low,Sunday,467,501,6–8 hours
4319703577,2016-04-25,9259,0,8,390,544,2314,Moderate,Monday,488,506,More than 8 hours
4319703577,2016-04-26,9899,8,21,288,649,2236,Moderate,Tuesday,505,516,More than 8 hours
4319703577,2016-04-27,10780,6,47,300,680,2324,High,Wednesday,286,307,Less than 6 hours
4319703577,2016-04-28,10817,13,8,359,552,2367,High,Thursday,497,522,More than 8 hours
4319703577,2016-04-29,7990,6,18,289,624,2175,Moderate,Friday,523,546,More than 8 hours
4319703577,2016-04-30,8221,6,38,196,695,2092,Moderate,Saturday,490,516,More than 8 hours
4319703577,2016-05-01,1251,0,0,67,836,1593,Low,Sunday,484,500,More than 8 hours
4319703577,2016-05-02,9261,0,11,344,585,2270,Moderate,Monday,478,506,6–8 hours
4319703577,2016-05-03,9648,8,26,287,669,2235,Moderate,Tuesday,474,512,6–8 hours
4319703577,2016-05-06,9524,6,11,314,692,2266,Moderate,Friday,450,491,6–8 hours
4319703577,2016-05-07,7937,3,28,279,586,2158,Moderate,Saturday,507,530,More than 8 hours
4319703577,2016-05-08,3672,0,0,153,603,1792,Low,Sunday,602,638,More than 8 hours
4319703577,2016-05-09,10378,2,14,374,490,2345,High,Monday,535,565,More than 8 hours
4319703577,2016-05-10,9487,3,12,329,555,2260,Moderate,Tuesday,487,517,More than 8 hours
4319703577,2016-05-11,9129,3,18,311,574,2232,Moderate,Wednesday,529,558,More than 8 hours
4319703577,2016-05-12,17,0,0,2,0,257,Low,Thursday,302,321,Less than 6 hours
4388161847,2016-04-15,8758,0,0,299,837,3066,Moderate,Friday,499,526,More than 8 hours
4388161847,2016-04-16,6580,6,9,253,609,3073,Moderate,Saturday,426,448,6–8 hours
4388161847,2016-04-17,4660,0,0,201,721,2572,Low,Sunday,619,641,More than 8 hours
4388161847,2016-04-18,11009,27,8,239,1017,3274,High,Monday,99,104,Less than 6 hours
4388161847,2016-04-19,10181,20,16,249,704,3015,High,Tuesday,329,338,Less than 6 hours
4388161847,2016-04-20,10553,19,42,228,696,3083,High,Wednesday,421,451,6–8 hours
4388161847,2016-04-21,10055,7,12,272,853,3069,High,Thursday,442,458,6–8 hours
4388161847,2016-04-22,12139,77,25,220,945,3544,High,Friday,82,85,Less than 6 hours
4388161847,2016-04-23,13236,58,5,215,749,3306,High,Saturday,478,501,6–8 hours
4388161847,2016-04-24,10243,14,8,239,584,2885,High,Sunday,552,595,More than 8 hours
4388161847,2016-04-26,9461,14,23,224,673,2929,Moderate,Tuesday,319,346,Less than 6 hours
4388161847,2016-04-27,11193,11,48,241,684,3074,High,Wednesday,439,500,6–8 hours
4388161847,2016-04-28,10074,19,9,234,878,2969,High,Thursday,428,458,6–8 hours
4388161847,2016-04-30,12533,14,43,300,537,3283,High,Saturday,409,430,6–8 hours
4388161847,2016-05-01,10255,12,15,241,579,2926,High,Sunday,547,597,More than 8 hours
4388161847,2016-05-02,10096,33,4,204,935,3147,High,Monday,368,376,6–8 hours
4388161847,2016-05-04,12375,35,21,251,632,3162,High,Wednesday,390,414,6–8 hours
4388161847,2016-05-05,9603,12,39,199,896,2899,Moderate,Thursday,471,495,6–8 hours
4388161847,2016-05-07,22770,120,56,260,508,4022,High,Saturday,472,496,6–8 hours
4388161847,2016-05-08,17298,107,38,178,576,3934,High,Sunday,529,541,More than 8 hours
4388161847,2016-05-09,10218,6,19,258,1020,3013,High,Monday,62,65,Less than 6 hours
4388161847,2016-05-10,10299,13,14,267,648,3061,High,Tuesday,354,375,Less than 6 hours
4388161847,2016-05-11,10201,8,18,256,858,2954,High,Wednesday,469,494,6–8 hours
4445114986,2016-04-12,3276,0,0,196,787,2113,Low,Tuesday,429,457,6–8 hours
4445114986,2016-04-13,2961,0,0,194,840,2095,Low,Wednesday,370,406,6–8 hours
4445114986,2016-04-14,3974,0,0,231,717,2194,Low,Thursday,441,492,6–8 hours
4445114986,2016-04-15,7198,0,0,350,711,2496,Moderate,Friday,337,379,Less than 6 hours
4445114986,2016-04-16,3945,0,0,225,716,2180,Low,Saturday,462,499,6–8 hours
4445114986,2016-04-17,2268,0,0,114,1219,1933,Low,Sunday,98,107,Less than 6 hours
4445114986,2016-04-19,2064,0,0,121,895,1954,Low,Tuesday,388,424,6–8 hours
4445114986,2016-04-20,2072,0,0,137,841,1974,Low,Wednesday,439,462,6–8 hours
4445114986,2016-04-21,3809,0,0,215,756,2150,Low,Thursday,436,469,6–8 hours
4445114986,2016-04-22,6831,0,0,317,706,2432,Moderate,Friday,388,417,6–8 hours
4445114986,2016-04-25,3385,0,0,179,916,2070,Low,Monday,328,345,Less than 6 hours
4445114986,2016-04-26,6326,29,1,180,839,2291,Moderate,Tuesday,353,391,Less than 6 hours
4445114986,2016-04-27,7243,32,1,194,839,2361,Moderate,Wednesday,332,374,Less than 6 hours
4445114986,2016-04-28,4493,0,0,236,762,2203,Low,Thursday,419,442,6–8 hours
4445114986,2016-04-29,4676,0,0,226,1106,2196,Low,Friday,106,108,Less than 6 hours
4445114986,2016-04-30,6222,0,0,290,797,2363,Moderate,Saturday,322,353,Less than 6 hours
4445114986,2016-05-01,5232,0,0,240,741,2246,Moderate,Sunday,439,459,6–8 hours
4445114986,2016-05-02,6910,27,4,200,667,2336,Moderate,Monday,502,542,More than 8 hours
4445114986,2016-05-03,7502,30,2,233,725,2421,Moderate,Tuesday,417,450,6–8 hours
4445114986,2016-05-04,2923,0,0,180,897,2070,Low,Wednesday,337,363,Less than 6 hours
4445114986,2016-05-05,3800,2,6,185,734,2120,Low,Thursday,462,513,6–8 hours
4445114986,2016-05-06,4514,0,0,229,809,2211,Low,Friday,374,402,6–8 hours
4445114986,2016-05-07,5183,26,4,108,866,2123,Moderate,Saturday,401,436,6–8 hours
4445114986,2016-05-08,7303,0,8,308,733,2423,Moderate,Sunday,361,391,6–8 hours
4445114986,2016-05-09,5275,0,0,266,641,2281,Moderate,Monday,457,533,6–8 hours
4445114986,2016-05-10,3915,0,0,231,783,2181,Low,Tuesday,405,426,6–8 hours
4445114986,2016-05-11,9105,34,22,232,622,2499,Moderate,Wednesday,499,530,More than 8 hours
4445114986,2016-05-12,768,0,0,58,380,1212,Low,Thursday,483,501,More than 8 hours
4558609924,2016-04-21,13743,6,21,432,844,2486,High,Thursday,126,137,Less than 6 hours
4558609924,2016-04-26,9148,12,41,283,1062,2223,Moderate,Tuesday,103,121,Less than 6 hours
4558609924,2016-04-29,7833,15,29,197,1096,1918,Moderate,Friday,171,179,Less than 6 hours
4558609924,2016-05-01,3428,0,0,190,1121,1692,Low,Sunday,115,129,Less than 6 hours
4558609924,2016-05-08,6543,66,35,238,1019,2666,Moderate,Sunday,123,134,Less than 6 hours
4702921684,2016-04-12,7213,0,0,263,718,2947,Moderate,Tuesday,425,439,6–8 hours
4702921684,2016-04-13,6877,0,0,258,777,2898,Moderate,Wednesday,400,430,6–8 hours
4702921684,2016-04-14,7860,0,0,271,772,2984,Moderate,Thursday,384,415,6–8 hours
4702921684,2016-04-15,6506,1,8,256,944,2896,Moderate,Friday,253,257,Less than 6 hours
4702921684,2016-04-16,11140,3,24,335,556,3328,High,Saturday,382,406,6–8 hours
4702921684,2016-04-17,12692,12,66,302,437,3394,High,Sunday,591,612,More than 8 hours
4702921684,2016-04-18,9105,22,30,191,890,3013,Moderate,Monday,293,312,Less than 6 hours
4702921684,2016-04-19,6708,10,8,179,757,2812,Moderate,Tuesday,457,487,6–8 hours
4702921684,2016-04-20,8793,2,29,260,717,3061,Moderate,Wednesday,454,468,6–8 hours
4702921684,2016-04-21,6530,4,41,144,901,2729,Moderate,Thursday,425,434,6–8 hours
4702921684,2016-04-23,15126,9,66,408,469,3691,High,Saturday,465,475,6–8 hours
4702921684,2016-04-24,15050,15,95,281,542,3538,High,Sunday,480,506,More than 8 hours
4702921684,2016-04-25,9167,6,15,270,730,3064,Moderate,Monday,370,380,6–8 hours
4702921684,2016-04-26,6108,1,8,216,765,2784,Moderate,Tuesday,421,429,6–8 hours
4702921684,2016-04-27,7047,1,16,238,733,2908,Moderate,Wednesday,432,449,6–8 hours
4702921684,2016-04-28,9023,14,9,232,738,3033,Moderate,Thursday,442,461,6–8 hours
4702921684,2016-04-29,9930,12,19,267,692,3165,Moderate,Friday,433,447,6–8 hours
4702921684,2016-04-30,10144,4,36,263,728,3115,High,Saturday,479,501,6–8 hours
4702921684,2016-05-03,9454,0,0,313,729,3145,Moderate,Tuesday,327,373,Less than 6 hours
4702921684,2016-05-04,8161,4,15,251,757,3004,Moderate,Wednesday,412,434,6–8 hours
4702921684,2016-05-05,8614,8,5,241,745,3006,Moderate,Thursday,414,428,6–8 hours
4702921684,2016-05-06,6943,1,16,207,682,2859,Moderate,Friday,404,449,6–8 hours
4702921684,2016-05-07,14370,5,46,439,577,3683,High,Saturday,520,543,More than 8 hours
4702921684,2016-05-09,8232,0,12,253,746,2990,Moderate,Monday,435,458,6–8 hours
4702921684,2016-05-10,10613,1,37,262,701,3172,High,Tuesday,416,431,6–8 hours
4702921684,2016-05-11,9810,10,41,235,784,3069,Moderate,Wednesday,354,366,Less than 6 hours
4702921684,2016-05-12,2752,0,0,68,241,1240,Low,Thursday,404,442,6–8 hours
5553957443,2016-04-12,11596,19,13,277,767,2026,High,Tuesday,441,464,6–8 hours
5553957443,2016-04-13,4832,0,0,226,647,1718,Low,Wednesday,455,488,6–8 hours
5553957443,2016-04-14,17022,61,41,256,693,2324,High,Thursday,357,418,Less than 6 hours
5553957443,2016-04-15,16556,58,38,239,689,2254,High,Friday,377,409,6–8 hours
5553957443,2016-04-16,5771,0,0,288,521,1831,Moderate,Saturday,651,686,More than 8 hours
5553957443,2016-04-17,655,0,0,46,943,1397,Low,Sunday,350,402,Less than 6 hours
5553957443,2016-04-18,3727,0,0,206,622,1683,Low,Monday,520,541,More than 8 hours
5553957443,2016-04-19,15482,69,28,249,756,2284,High,Tuesday,357,410,Less than 6 hours
5553957443,2016-04-20,2713,0,0,148,598,1570,Low,Wednesday,658,678,More than 8 hours
5553957443,2016-04-21,12346,47,42,177,801,2066,High,Thursday,399,431,6–8 hours
5553957443,2016-04-22,11682,25,16,270,781,2105,High,Friday,322,353,Less than 6 hours
5553957443,2016-04-23,4112,0,0,272,443,1776,Low,Saturday,631,725,More than 8 hours
5553957443,2016-04-24,1807,0,0,104,582,1507,Low,Sunday,553,640,More than 8 hours
5553957443,2016-04-25,10946,51,11,201,732,2033,High,Monday,433,468,6–8 hours
5553957443,2016-04-26,11886,40,18,238,750,2093,High,Tuesday,412,453,6–8 hours
5553957443,2016-04-27,10538,16,16,206,745,1922,High,Wednesday,347,391,Less than 6 hours
5553957443,2016-04-28,11393,49,13,165,727,1999,High,Thursday,421,457,6–8 hours
5553957443,2016-04-29,12764,46,15,270,709,2169,High,Friday,450,495,6–8 hours
5553957443,2016-04-30,1202,0,0,84,506,1463,Low,Saturday,775,843,More than 8 hours
5553957443,2016-05-01,5164,0,0,237,436,1747,Moderate,Sunday,622,686,More than 8 hours
5553957443,2016-05-02,9769,23,9,227,724,1996,Moderate,Monday,409,471,6–8 hours
5553957443,2016-05-03,12848,26,29,247,812,2116,High,Tuesday,380,429,6–8 hours
5553957443,2016-05-04,4249,0,0,224,651,1698,Low,Wednesday,447,470,6–8 hours
5553957443,2016-05-05,14331,44,29,241,692,2156,High,Thursday,419,464,6–8 hours
5553957443,2016-05-06,9632,21,9,229,761,1916,Moderate,Friday,400,434,6–8 hours
5553957443,2016-05-07,1868,0,0,96,902,1494,Low,Saturday,442,470,6–8 hours
5553957443,2016-05-08,6083,3,8,210,505,1762,Moderate,Sunday,568,608,More than 8 hours
5553957443,2016-05-09,11611,59,22,251,667,2272,High,Monday,453,494,6–8 hours
5553957443,2016-05-10,16358,61,40,265,707,2335,High,Tuesday,418,443,6–8 hours
5553957443,2016-05-11,4926,0,0,195,628,1693,Low,Wednesday,463,486,6–8 hours
5553957443,2016-05-12,3121,8,6,48,222,741,Low,Thursday,438,475,6–8 hours
5577150313,2016-04-12,8135,86,16,140,728,3405,Moderate,Tuesday,419,438,6–8 hours
5577150313,2016-04-13,5077,15,11,144,776,2551,Moderate,Wednesday,432,458,6–8 hours
5577150313,2016-04-14,8596,118,30,176,662,4022,Moderate,Thursday,477,497,6–8 hours
5577150313,2016-04-15,12087,115,54,199,695,4005,High,Friday,392,413,6–8 hours
5577150313,2016-04-16,14269,184,56,158,472,4274,High,Saturday,406,445,6–8 hours
5577150313,2016-04-17,12231,200,37,159,525,4552,High,Sunday,549,583,More than 8 hours
5577150313,2016-04-18,9893,114,32,130,623,3625,Moderate,Monday,527,553,More than 8 hours
5577150313,2016-04-19,12574,108,23,111,733,3501,High,Tuesday,449,465,6–8 hours
5577150313,2016-04-20,8330,87,16,113,773,3192,Moderate,Wednesday,447,480,6–8 hours
5577150313,2016-04-21,10830,110,74,175,670,4018,High,Thursday,414,437,6–8 hours
5577150313,2016-04-22,9172,62,30,200,823,3329,Moderate,Friday,338,366,Less than 6 hours
5577150313,2016-04-23,7638,24,24,223,627,3152,Moderate,Saturday,384,402,6–8 hours
5577150313,2016-04-24,15764,210,65,141,425,4392,High,Sunday,543,615,More than 8 hours
5577150313,2016-04-25,6393,61,38,214,743,3374,Moderate,Monday,421,461,6–8 hours
5577150313,2016-04-26,5325,38,32,181,759,3088,Moderate,Tuesday,354,377,Less than 6 hours
5577150313,2016-04-27,6805,63,16,190,773,3294,Moderate,Wednesday,424,452,6–8 hours
5577150313,2016-04-28,9841,99,51,141,692,3580,Moderate,Thursday,361,372,6–8 hours
5577150313,2016-04-29,7924,97,36,165,739,3544,Moderate,Friday,459,485,6–8 hours
5577150313,2016-04-30,12363,207,45,163,621,4501,High,Saturday,412,433,6–8 hours
5577150313,2016-05-01,13368,194,72,178,499,4546,High,Sunday,379,398,6–8 hours
5577150313,2016-05-02,7439,37,20,235,732,3014,Moderate,Monday,525,553,More than 8 hours
5577150313,2016-05-03,11045,97,8,212,580,3795,High,Tuesday,508,543,More than 8 hours
5577150313,2016-05-04,5206,25,9,141,631,2755,Moderate,Wednesday,603,634,More than 8 hours
5577150313,2016-05-05,7550,45,21,143,1153,3004,Moderate,Thursday,74,78,Less than 6 hours
5577150313,2016-05-10,8869,104,37,194,639,3841,Moderate,Tuesday,504,562,More than 8 hours
5577150313,2016-05-11,4038,45,15,63,257,1665,Low,Wednesday,431,476,6–8 hours
6117666160,2016-04-16,14450,7,15,518,502,2828,High,Saturday,380,398,6–8 hours
6117666160,2016-04-17,7150,0,0,312,702,2225,Moderate,Sunday,336,350,Less than 6 hours
6117666160,2016-04-18,5153,0,0,241,759,2018,Moderate,Monday,493,510,More than 8 hours
6117666160,2016-04-19,11135,0,0,480,425,2606,High,Tuesday,465,492,6–8 hours
6117666160,2016-04-20,10449,26,10,349,587,2536,High,Wednesday,474,502,6–8 hours
6117666160,2016-04-21,19542,11,19,294,579,4900,High,Thursday,508,550,More than 8 hours
6117666160,2016-04-22,8206,0,0,402,413,2409,Moderate,Friday,480,546,More than 8 hours
6117666160,2016-04-23,11495,0,0,512,468,2651,High,Saturday,492,539,More than 8 hours
6117666160,2016-04-24,7623,0,0,362,711,2305,Moderate,Sunday,353,367,Less than 6 hours
6117666160,2016-04-27,9411,0,0,458,417,2576,Moderate,Wednesday,542,557,More than 8 hours
6117666160,2016-04-28,3403,0,0,141,758,1879,Low,Thursday,393,416,6–8 hours
6117666160,2016-04-29,9592,0,0,461,479,2560,Moderate,Friday,600,636,More than 8 hours
6117666160,2016-05-01,8915,0,0,397,525,2361,Moderate,Sunday,507,575,More than 8 hours
6117666160,2016-05-05,9799,0,0,487,479,2636,Moderate,Thursday,392,415,6–8 hours
6117666160,2016-05-06,3365,0,0,133,673,1838,Low,Friday,658,698,More than 8 hours
6117666160,2016-05-07,7336,0,0,412,456,2469,Moderate,Saturday,498,507,More than 8 hours
6117666160,2016-05-08,7328,0,0,318,517,2250,Moderate,Sunday,555,603,More than 8 hours
6117666160,2016-05-09,4477,0,0,197,125,1248,Low,Monday,492,522,More than 8 hours
6775888955,2016-04-13,4053,17,18,85,1053,2400,Low,Wednesday,235,260,Less than 6 hours
6775888955,2016-04-14,5162,14,24,105,863,2507,Moderate,Thursday,423,441,6–8 hours
6775888955,2016-04-15,1282,0,0,58,976,2127,Low,Friday,391,406,6–8 hours
6962181067,2016-04-12,10199,50,14,189,796,1994,High,Tuesday,366,387,6–8 hours
6962181067,2016-04-13,5652,8,24,142,548,1718,Moderate,Wednesday,630,679,More than 8 hours
6962181067,2016-04-14,1551,0,0,86,862,1466,Low,Thursday,508,535,More than 8 hours
6962181067,2016-04-15,5563,0,0,217,837,1756,Moderate,Friday,370,386,6–8 hours
6962181067,2016-04-16,13217,50,3,280,741,2173,High,Saturday,357,366,Less than 6 hours
6962181067,2016-04-17,10145,5,13,295,634,2027,High,Sunday,427,446,6–8 hours
6962181067,2016-04-18,11404,13,42,238,689,2039,High,Monday,442,458,6–8 hours
6962181067,2016-04-19,10742,35,41,195,659,2046,High,Tuesday,476,535,6–8 hours
6962181067,2016-04-20,13928,48,4,297,639,2174,High,Wednesday,418,424,6–8 hours
6962181067,2016-04-21,11835,53,27,214,708,2179,High,Thursday,451,457,6–8 hours
6962181067,2016-04-22,10725,30,33,240,659,2086,High,Friday,425,435,6–8 hours
6962181067,2016-04-23,20031,58,41,347,484,2571,High,Saturday,528,546,More than 8 hours
6962181067,2016-04-24,5029,0,0,199,720,1705,Moderate,Sunday,511,514,More than 8 hours
6962181067,2016-04-25,13239,35,31,282,637,2194,High,Monday,400,415,6–8 hours
6962181067,2016-04-26,10433,36,7,254,680,2012,High,Tuesday,441,446,6–8 hours
6962181067,2016-04-27,10320,7,38,279,697,2034,High,Wednesday,455,467,6–8 hours
6962181067,2016-04-28,12627,38,8,288,621,2182,High,Thursday,440,453,6–8 hours
6962181067,2016-04-29,10762,12,15,369,645,2254,High,Friday,433,447,6–8 hours
6962181067,2016-04-30,10081,32,16,237,731,2002,High,Saturday,422,424,6–8 hours
6962181067,2016-05-01,5454,0,0,215,722,1740,Moderate,Sunday,411,426,6–8 hours
6962181067,2016-05-02,12912,18,39,313,655,2162,High,Monday,466,482,6–8 hours
6962181067,2016-05-03,12109,21,36,267,654,2072,High,Tuesday,394,418,6–8 hours
6962181067,2016-05-04,10147,15,36,284,683,2086,High,Wednesday,442,455,6–8 hours
6962181067,2016-05-05,10524,14,22,305,591,2066,High,Thursday,467,491,6–8 hours
6962181067,2016-05-06,5908,0,0,299,717,1850,Moderate,Friday,443,462,6–8 hours
6962181067,2016-05-07,6815,0,0,328,745,1947,Moderate,Saturday,298,334,Less than 6 hours
6962181067,2016-05-08,4188,0,14,151,709,1659,Low,Sunday,541,569,More than 8 hours
6962181067,2016-05-09,12342,43,21,231,607,2105,High,Monday,489,497,More than 8 hours
6962181067,2016-05-10,15448,62,34,275,626,2361,High,Tuesday,469,481,6–8 hours
6962181067,2016-05-11,6722,24,7,199,709,1855,Moderate,Wednesday,452,480,6–8 hours
6962181067,2016-05-12,3587,0,8,105,127,928,Low,Thursday,516,535,More than 8 hours
7007744171,2016-04-16,4631,0,0,203,1155,2076,Low,Saturday,79,82,Less than 6 hours
7007744171,2016-05-01,5600,0,0,237,1142,2225,Moderate,Sunday,58,61,Less than 6 hours
7086361926,2016-04-12,11317,59,6,153,745,2772,High,Tuesday,514,525,More than 8 hours
7086361926,2016-04-13,5813,31,26,155,744,2516,Moderate,Wednesday,451,465,6–8 hours
7086361926,2016-04-14,9123,35,32,189,787,2734,Moderate,Thursday,472,476,6–8 hours
7086361926,2016-04-15,8585,30,21,139,864,2395,Moderate,Friday,377,386,6–8 hours
7086361926,2016-04-19,10688,67,69,124,671,2944,High,Tuesday,472,483,6–8 hours
7086361926,2016-04-20,14365,87,13,145,797,2997,High,Wednesday,492,502,More than 8 hours
7086361926,2016-04-21,9469,19,6,206,758,2463,Moderate,Thursday,390,411,6–8 hours
7086361926,2016-04-22,9753,58,59,153,762,2846,Moderate,Friday,428,448,6–8 hours
7086361926,2016-04-24,3520,0,0,125,566,2049,Low,Sunday,681,704,More than 8 hours
7086361926,2016-04-25,10091,69,39,129,706,2752,High,Monday,446,447,6–8 hours
7086361926,2016-04-26,10387,70,33,132,726,2781,High,Tuesday,485,500,More than 8 hours
7086361926,2016-04-27,11107,55,6,145,829,2693,High,Wednesday,469,479,6–8 hours
7086361926,2016-04-28,11584,54,48,161,810,2862,High,Thursday,354,367,Less than 6 hours
7086361926,2016-04-30,14560,42,17,308,584,2995,High,Saturday,485,489,More than 8 hours
7086361926,2016-05-01,12390,30,15,258,685,2730,High,Sunday,388,407,6–8 hours
7086361926,2016-05-02,10052,66,26,139,737,2754,High,Monday,440,459,6–8 hours
7086361926,2016-05-03,10288,57,36,152,761,2754,High,Tuesday,456,461,6–8 hours
7086361926,2016-05-04,10988,45,12,135,843,2655,High,Wednesday,420,436,6–8 hours
7086361926,2016-05-06,12461,84,35,154,834,2924,High,Friday,322,333,Less than 6 hours
7086361926,2016-05-07,12827,20,42,209,621,2739,High,Saturday,530,548,More than 8 hours
7086361926,2016-05-08,10677,32,27,147,695,2534,High,Sunday,481,510,More than 8 hours
7086361926,2016-05-09,13566,67,50,171,743,2960,High,Monday,427,438,6–8 hours
7086361926,2016-05-11,9572,57,40,128,757,2735,Moderate,Wednesday,451,463,6–8 hours
7086361926,2016-05-12,3789,5,4,58,343,1199,Low,Thursday,444,457,6–8 hours
8053475328,2016-04-20,15108,89,5,158,695,3043,High,Wednesday,486,493,More than 8 hours
8053475328,2016-04-23,22359,125,14,223,741,3554,High,Saturday,331,337,Less than 6 hours
8053475328,2016-05-07,19769,121,20,148,1076,3331,High,Saturday,74,75,Less than 6 hours
8378563200,2016-04-12,7626,65,15,156,723,3635,Moderate,Tuesday,338,356,Less than 6 hours
8378563200,2016-04-13,12386,116,14,169,680,4079,High,Wednesday,447,487,6–8 hours
8378563200,2016-04-14,13318,123,21,174,699,4163,High,Thursday,424,455,6–8 hours
8378563200,2016-04-15,14461,60,23,190,729,3666,High,Friday,513,533,More than 8 hours
8378563200,2016-04-16,11207,64,21,142,563,3363,High,Saturday,611,689,More than 8 hours
8378563200,2016-04-17,2132,0,0,93,599,2572,Low,Sunday,525,591,More than 8 hours
8378563200,2016-04-18,13630,117,10,174,720,4157,High,Monday,398,451,6–8 hours
8378563200,2016-04-19,13070,120,19,154,737,4092,High,Tuesday,387,421,6–8 hours
8378563200,2016-04-20,9388,82,8,169,763,3787,Moderate,Wednesday,381,409,6–8 hours
8378563200,2016-04-21,15148,137,16,145,677,4236,High,Thursday,396,417,6–8 hours
8378563200,2016-04-22,12200,113,12,159,769,4044,High,Friday,441,469,6–8 hours
8378563200,2016-04-23,5709,19,10,136,740,2908,Moderate,Saturday,565,591,More than 8 hours
8378563200,2016-04-24,3703,0,0,135,734,2741,Low,Sunday,458,492,6–8 hours
8378563200,2016-04-25,12405,117,16,141,692,4005,High,Monday,388,402,6–8 hours
8378563200,2016-04-26,16208,90,18,161,593,3763,High,Tuesday,550,584,More than 8 hours
8378563200,2016-04-27,7359,4,4,192,676,3061,Moderate,Wednesday,531,600,More than 8 hours
8378563200,2016-04-28,5417,11,10,139,711,2884,Moderate,Thursday,506,556,More than 8 hours
8378563200,2016-04-29,6175,3,7,172,767,2982,Moderate,Friday,527,562,More than 8 hours
8378563200,2016-04-30,2946,0,0,121,780,2660,Low,Saturday,468,555,6–8 hours
8378563200,2016-05-01,11419,71,10,127,669,3369,High,Sunday,475,539,6–8 hours
8378563200,2016-05-02,6064,63,4,142,802,3491,Moderate,Monday,351,385,Less than 6 hours
8378563200,2016-05-03,8712,71,20,195,822,3784,Moderate,Tuesday,405,429,6–8 hours
8378563200,2016-05-04,7875,19,10,167,680,3110,Moderate,Wednesday,441,477,6–8 hours
8378563200,2016-05-05,8567,66,3,214,764,3783,Moderate,Thursday,381,417,6–8 hours
8378563200,2016-05-06,7045,74,5,166,831,3644,Moderate,Friday,323,355,Less than 6 hours
8378563200,2016-05-07,4468,0,0,158,851,2799,Low,Saturday,459,513,6–8 hours
8378563200,2016-05-08,2943,0,0,139,621,2685,Low,Sunday,545,606,More than 8 hours
8378563200,2016-05-09,8382,71,13,171,772,3721,Moderate,Monday,359,399,Less than 6 hours
8378563200,2016-05-10,6582,63,13,152,840,3586,Moderate,Tuesday,342,391,Less than 6 hours
8378563200,2016-05-11,9143,72,10,184,763,3788,Moderate,Wednesday,368,387,6–8 hours
8378563200,2016-05-12,4561,8,6,102,433,1976,Low,Thursday,496,546,More than 8 hours
8792009665,2016-04-12,2564,0,0,116,831,2044,Low,Tuesday,458,493,6–8 hours
8792009665,2016-04-13,1320,0,0,82,806,1934,Low,Wednesday,531,552,More than 8 hours
8792009665,2016-04-14,1219,0,0,84,853,1963,Low,Thursday,486,503,More than 8 hours
8792009665,2016-04-15,2483,0,0,126,937,2009,Low,Friday,363,377,6–8 hours
8792009665,2016-04-20,3147,0,10,139,744,2188,Low,Wednesday,528,547,More than 8 hours
8792009665,2016-04-22,4068,1,20,195,817,2419,Low,Friday,391,407,6–8 hours
8792009665,2016-04-23,5245,8,45,232,795,2748,Moderate,Saturday,339,360,Less than 6 hours
8792009665,2016-04-27,1758,0,0,112,900,2067,Low,Wednesday,423,428,6–8 hours
8792009665,2016-04-28,6157,0,0,310,714,2780,Moderate,Thursday,402,416,6–8 hours
8792009665,2016-04-29,8360,6,14,380,634,3101,Moderate,Friday,398,406,6–8 hours
8792009665,2016-04-30,7174,10,20,301,749,2896,Moderate,Saturday,343,360,Less than 6 hours
8792009665,2016-05-01,1619,0,0,79,834,1962,Low,Sunday,503,527,More than 8 hours
8792009665,2016-05-02,1831,0,0,101,916,2015,Low,Monday,415,423,6–8 hours
8792009665,2016-05-03,2421,0,0,156,739,2297,Low,Tuesday,516,545,More than 8 hours
8792009665,2016-05-04,2283,0,0,129,848,2067,Low,Wednesday,439,463,6–8 hours
